<?xml version="1.0" encoding="UTF-8"?>
<!DOCTYPE mapper PUBLIC "-//mybatis.org//DTD Mapper 3.0//EN" "http://mybatis.org/dtd/mybatis-3-mapper.dtd">
<mapper namespace="UwinMapper">
	
	
	<!-- 新增-->
	<insert id="save" parameterType="pd">
		insert into TC_UWIN(
			IDD,	
			UWIN_ID
		) values (
			#{IDD},	
			#{UWIN_ID}
		)
	</insert>
	
	
	<!-- 删除-->
	<delete id="delete" parameterType="pd">
		delete from TC_UWIN
		where 
			UWIN_ID = #{UWIN_ID}
	</delete>
	
	
	<!-- 修改 -->
	<update id="edit" parameterType="pd">
		update  TC_UWIN
			set 
				IDD = #{IDD},
			UWIN_ID = UWIN_ID
			where 
				UWIN_ID = #{UWIN_ID}
	</update>
	
	
	<!-- 通过ID获取数据 -->
	<select id="findById" parameterType="pd" resultType="pd">
		select 
			IDD,	
			UWIN_ID
		from 
			TC_UWIN
		where 
			UWIN_ID = #{UWIN_ID}
	</select>
	
	
	<!-- 列表 -->
	<select id="datalistPage" parameterType="page" resultType="pd">
		select
				a.IDD,	
				a.UWIN_ID
		from 
				TC_UWIN a
	</select>
	
	<!-- 列表(全部) -->
	<select id="listAll" parameterType="pd" resultType="pd">
		select
				a.IDD,	
				a.UWIN_ID
		from 
				TC_UWIN a
	</select>
	
	<!-- 批量删除 -->
	<delete id="deleteAll" parameterType="String">
		delete from TC_UWIN
		where 
			UWIN_ID in
		<foreach item="item" index="index" collection="array" open="(" separator="," close=")">
                 #{item}
		</foreach>
	</delete>
	
</mapper>